gene,ppr,is_seed,is_gated_hit,e_distance,e_qval,degree,enrichment,n_seed_nbrs,seed_weight_sum,seed_neighbors,is_sig_causal
BLNK,0.0004208919184655,False,False,,,36,5.5401067912242885,5,4.6,VAV1(1.00);SYK(1.00);ZAP70(0.91);PLCG1(0.85);LAT(0.84),False
COPS8,0.0002856524741237,False,False,,,32,4.229977543383497,4,3.39,PLCG1(0.90);TESPA1(0.90);ELOB(0.87);LAT(0.72),False
GPS1,0.0002882100100768,False,False,,,34,4.016799863970392,4,3.472,ELOB(0.94);PLCG1(0.91);TESPA1(0.90);LAT(0.72),False
XRCC5,0.0010227731109871,False,False,,,130,3.728086664402794,4,3.465,LIG3(0.96);KDM1A(0.92);RAD50(0.81);XRRA1(0.77),False
COPS2,0.000290102775081,False,False,,,39,3.524823102561917,4,3.368,PLCG1(0.91);TESPA1(0.90);ELOB(0.84);LAT(0.72),False
VAV2,0.0003572881954239,False,False,,,49,3.455195597623885,5,4.72,SYK(0.99);PLCG1(0.95);ZAP70(0.94);ITK(0.93);VAV1(0.91),False
COPS3,0.000291145384673,False,False,,,40,3.4490537995293717,4,3.406,PLCG1(0.91);TESPA1(0.90);ELOB(0.88);LAT(0.72),False
NCR1,0.0004190355437362,False,False,,,76,2.6126866151953263,6,4.853,CD247(1.00);CD244(0.88);BCL11B(0.79);PTPRC(0.73);SLAMF7(0.73);CD3E(0.71),False
COPS6,0.0002982036655879,False,False,,,58,2.436323947853255,4,3.418,PLCG1(0.91);TESPA1(0.90);ELOB(0.89);LAT(0.72),False
FCGR1A,0.0002647948813912,False,False,,,55,2.281376409019225,4,3.5,SYK(0.99);CD247(0.87);CD3G(0.84);PTPRC(0.81),False
UBA1,0.0002838503996729,False,False,,,67,2.007542543120095,4,3.762,UBE2L3(1.00);UBE2B(0.99);UBE2E2(0.97);UBE2I(0.80),False
IL2RB,0.0002691908763591,False,False,,,73,1.7473806667333516,5,3.998,CD247(0.92);STAT3(0.87);ITK(0.80);PTPRC(0.71);CD3D(0.70),False
BECN1,0.0005150213828854,False,False,,,147,1.660190697238722,4,3.695,RB1CC1(1.00);PIK3R4(1.00);GLIPR2(0.89);STAT3(0.80),False
ZZZ3,0.0001835144872716,False,False,,,53,1.6407580177087815,6,5.357,SGF29(1.00);TADA2B(0.92);SUPT7L(0.92);SUPT20H(0.89);TAF6L(0.84);TADA1(0.79),False
CD40LG,0.0003539211163583,False,False,1.4001176095438268,0.0501794316097954,106,1.582160945259982,6,4.836,ICOS(1.00);TNFRSF9(0.91);CD3D(0.75);CD3E(0.73);IL21R(0.72);PTPRC(0.72),False
ATXN7-2,0.0001430325831468,False,False,,,44,1.5403959056807248,5,4.642,SGF29(0.96);SUPT20H(0.94);TADA1(0.94);TADA2B(0.92);TAF6L(0.88),False
PIK3R3,0.00044093335029,False,False,,,141,1.481848775662746,8,7.187,PTEN(0.95);SYK(0.94);VAV1(0.93);PLCG1(0.92);ZAP70(0.92);ITK(0.91),False
ENY2,0.0002192189444595,False,False,,,72,1.4427651252999396,6,5.928,SGF29(1.00);TADA2B(0.99);SUPT20H(0.99);TAF6L(0.99);TADA1(0.99);SUPT7L(0.96),False
ACTA1,0.0002595870274559,False,False,,,88,1.3978171457983328,4,3.5919999999999996,TNNC1(0.96);WAS(0.96);ARPC2(0.94);ATP2A2(0.73),False
IL2RG,0.0001971472494592,False,False,,,72,1.2975027170664393,5,4.436,IL21R(1.00);STAT6(0.97);STAT3(0.95);PTPRC(0.78);CD3D(0.74),False
PCNA,0.0004090473003123,False,False,,,152,1.2752049587239014,6,5.07,ATAD5(0.94);UBE2I(0.93);LIG3(0.92);UBE2B(0.86);NFATC2IP(0.71);APEX2(0.71),False
PRKACG,0.0006231951797477,False,False,,,234,1.2619968712619103,4,3.406,AKAP10(0.93);ORAI1(0.92);CREBBP(0.83);LRBA(0.72),False
LOC102723407,0.0002759966020032,False,False,,,105,1.2455595221453704,4,3.599,SYK(0.95);TNFRSF9(0.92);PLCG1(0.91);ZAP70(0.81),False
NUP98,0.000206479698492,False,False,,,83,1.1788249388848977,4,3.289,NSD1(0.94);CREBBP(0.81);KPNA1(0.77);UBE2I(0.76),False
CUL1,0.0004393171514419,False,False,,,183,1.1375673518156526,5,4.636,FBXO32(0.99);FBXL3(0.97);ELOB(0.95);SMAD3(0.95);NFKB2(0.78),False
SKP1,0.0004064903945154,False,False,,,182,1.05834911178624,5,4.633,FBXL3(1.00);FBXO32(0.97);ELOB(0.93);SMAD3(0.92);NFKB2(0.81),False
MAP3K7,0.0002562997995448,False,False,,,121,1.003720851341388,9,7.272,BCL10(0.97);SGF29(0.86);SUPT20H(0.84);STAT3(0.81);SMAD3(0.80);SUPT7L(0.77),False
AR,0.0002725516336941,False,False,0.1903466172242289,0.05118515242149,140,0.922509408159518,8,7.156,KDM1A(1.00);CREBBP(0.96);SMAD3(0.95);STAT3(0.91);PTEN(0.89);UBE2I(0.86),False
TAF2,0.0002314645946,False,False,,,122,0.8990312524358361,8,6.897,TAF6L(0.99);SUPT7L(0.95);SGF29(0.92);TADA1(0.91);MED24(0.83);MED19(0.81),False
TAF5,0.0002548230880889,False,False,,,139,0.868708406631731,8,7.476,SGF29(0.99);SUPT20H(0.98);TAF6L(0.98);TADA1(0.98);TADA2B(0.96);SUPT7L(0.95),False
ERBB2,0.0004116506567852,False,False,,,229,0.8518112673549307,4,3.565,PLCG1(0.98);STAT3(0.95);PTEN(0.87);TNFRSF9(0.77),False
TAF10,0.000272043016984,False,False,,,153,0.8425510067195019,8,7.603,TAF6L(1.00);SGF29(1.00);SUPT20H(1.00);SUPT7L(1.00);TADA1(1.00);TADA2B(1.00),False
HCFC1,0.0001661262949078,False,False,,,94,0.8374532564365672,4,3.266,MEN1(0.90);KDM1A(0.88);BRD8(0.76);MSL1(0.73),False
MAPK14,0.0002351978489744,False,False,1.20779873084291,0.1234758155927332,144,0.7739642549656276,5,4.23,ZAP70(0.95);BCL10(0.92);SUPT20H(0.89);JUND(0.75);STAT3(0.72),False
TAF6,0.0002690506339426,False,False,,,166,0.7680261048196966,8,7.428,SGF29(0.99);TADA1(0.99);SUPT20H(0.98);TADA2B(0.96);SUPT7L(0.95);TAF6L(0.93),False
WDR5,0.0003444219485384,False,False,,,215,0.7591059745787389,13,10.627,MEN1(0.99);SGF29(0.98);HDAC3(0.95);MSL1(0.82);ELOB(0.81);HDAC2(0.79),False
TAF9,0.0002797569355133,False,False,0.8637553941878053,0.0974547840219482,175,0.7575178369278319,8,7.635,TAF6L(1.00);TADA2B(1.00);SGF29(1.00);SUPT7L(1.00);TADA1(1.00);SUPT20H(1.00),False
TAF4,0.0002540584166548,False,False,,,164,0.7340739104637641,8,7.145,TAF6L(0.99);TADA1(0.96);SGF29(0.95);SUPT7L(0.93);TADA2B(0.87);SUPT20H(0.83),False
IL10,0.000389208694564,False,False,0.0689278661584253,0.3807521836283674,253,0.7289740395498547,10,8.271,STAT3(0.97);IL12RB2(0.93);STAT6(0.91);ICOS(0.85);IL21R(0.84);PTPRC(0.80),False
RBX1,0.0003568927029102,False,False,,,251,0.6737736103628016,6,5.201,ELOB(1.00);UBE2L3(0.95);SMAD3(0.94);FBXO32(0.78);UBE2I(0.78);UBE2B(0.76),False
DNA2,0.0001349033224612,False,False,,,96,0.6658884206402609,4,3.127,ATAD5(0.81);LIG3(0.80);RAD50(0.77);SSBP1(0.75),False
RBBP4,0.0002214752609482,False,False,,,164,0.6399284582495243,6,5.432,HDAC2(1.00);KDM1A(0.99);HDAC3(0.98);SINHCAF(0.94);CREBBP(0.81);BCL11B(0.72),False
PPP2R1A,0.0001832377313318,False,False,,,136,0.6384487600655206,4,3.696,INTS6(1.00);STK25(1.00);PPP3R1(0.92);PPP6C(0.78),False
ACTL6A,0.0001842304147993,False,False,,,137,0.6372220755971733,4,3.564,BRD8(0.99);BCL11B(0.95);MSL1(0.91);HDAC2(0.71),False
JAK3,0.0001619706590548,False,False,,,121,0.634309227270473,5,4.4239999999999995,STAT3(1.00);STAT6(0.99);IL21R(0.94);PTPRC(0.76);IL12RB2(0.73),False
POLD1,0.0001662469296295,False,False,,,127,0.6202974021596278,4,3.475,POLG(0.97);KDM1A(0.91);LIG3(0.86);RAD50(0.74),False
JAK1,0.0001896027472406,False,False,,,149,0.6029876362916275,5,4.612,STAT3(1.00);STAT6(1.00);IL21R(0.98);IL12RB2(0.88);ELOB(0.76),False
MED8,0.0001289363737673,False,False,,,104,0.587478750705896,5,4.628,MED19(1.00);MED24(1.00);CCNC(0.98);NIPBL(0.83);ELOB(0.82),False
TAF8,0.0001272328514073,False,False,,,104,0.5797169131526073,4,3.526,SUPT7L(0.96);TAF6L(0.95);MED19(0.81);MED24(0.80),False
H2BC1,0.0001269066750578,False,False,,,104,0.5782307407972239,4,3.084,HDAC2(0.86);HDAC3(0.80);UBE2B(0.71);BRD8(0.71),False
MTOR,0.0002081786324997,False,False,,,176,0.560497311342861,5,4.38,RB1CC1(0.98);PTEN(0.94);STAT3(0.93);PIK3R4(0.78);EIF4B(0.75),False
SF3B3,0.0001820922231949,False,False,,,158,0.5461153220454442,6,5.583,SUPT20H(0.98);TAF6L(0.98);SUPT7L(0.97);SGF29(0.95);TADA1(0.92);TADA2B(0.79),False
CALML6,0.0002553903308729,False,False,,,228,0.5307862376642352,5,4.225,PPP3R1(0.95);PLCG1(0.94);ORAI1(0.88);CASK(0.74);GP1BB(0.73),False
CALML3,0.0002610646840405,False,False,,,240,0.5154504632477674,5,4.237,PPP3R1(0.95);PLCG1(0.94);ORAI1(0.88);CASK(0.74);GP1BB(0.73),False
H2BC11,0.0002181035737934,False,False,,,208,0.4968776897969994,5,4.014,HPF1(0.94);MED24(0.80);MED19(0.80);HDAC2(0.75);HDAC3(0.72),False
GAPDH,0.0002912237261635,False,False,,,278,0.4964002693519964,7,5.482,PDIA3(0.85);STAT3(0.81);SMAD3(0.79);HMBS(0.78);VIM(0.77);PTEN(0.75),False
HSPA5,0.000168518783858,False,False,,,163,0.4899037479690333,4,3.602,PDIA3(1.00);SYVN1(0.96);TFAM(0.94);TXNRD1(0.70),False
NCBP2,0.0001770694199423,False,False,,,173,0.4850064470165823,4,3.452,PAPOLA(0.92);KPNA1(0.90);POLDIP3(0.82);DENR(0.81),False
NCBP1,0.00019324199834,False,False,,,191,0.479422268761404,4,3.482,POLDIP3(0.94);PAPOLA(0.90);KPNA1(0.82);EIF4B(0.81),False
TBP,0.0002347556504167,False,False,,,241,0.4615822095704912,4,3.3520000000000003,MED24(0.90);MED19(0.86);HMBS(0.79);TAF6L(0.79),False
EIF5B,0.0002103723527605,False,False,,,216,0.4615140883292176,4,3.4139999999999997,ARNT(0.96);EIF4B(0.84);PNPT1(0.83);APMAP(0.78),False
RHOA,0.0002709300594377,False,False,,,279,0.4601538278321662,5,4.063,VAV1(0.99);WAS(0.83);PLCG1(0.78);SYK(0.74);PTEN(0.73),False
MDM2,0.0001769745609738,False,False,,,192,0.4367769034535854,6,5.107,NUMB(1.00);CREBBP(0.91);PTEN(0.90);UBE2I(0.86);UBE2L3(0.72);STAT3(0.71),False
H3-4,0.0002784694850638,False,False,,,314,0.4202406057080645,8,6.799,CREBBP(0.99);SGF29(0.98);KDM1A(0.94);HDAC2(0.91);MEN1(0.80);HDAC3(0.79),False
BCL2L1,0.0001138500988018,False,False,0.4460849747474782,0.0914451012263567,139,0.3881223584046366,4,3.282,STAT3(0.95);ELOB(0.89);STAT6(0.72);DENR(0.72),False
H2AX,0.0001398748316312,False,False,,,172,0.3853551611441658,4,3.266,RAD50(0.93);HDAC2(0.89);HDAC3(0.73);UBE2I(0.71),False
H2AZ1,0.0001856719921175,False,False,,,230,0.3825327399339734,7,5.749,HDAC2(0.92);BRD8(0.90);HDAC3(0.84);MED24(0.81);MED19(0.80);CREBBP(0.77),False
POLR2A,0.0002002818303369,False,False,,,250,0.3796221924938316,6,5.149,INTS6(1.00);MED19(0.97);MED24(0.88);CREBBP(0.78);CCNC(0.78);LIG3(0.75),False
RAD51,0.0001921589565711,False,False,,,246,0.3701481429300913,4,3.484,UBE2I(0.95);ATAD5(0.91);RAD50(0.86);PTEN(0.76),False
POLR2C,0.0002401167231105,False,False,,,308,0.3694211377050753,5,4.2989999999999995,INTS6(1.00);MED19(0.95);MED24(0.86);PNPT1(0.74);APMAP(0.74),False
FN1,0.0002064906392964,False,False,,,299,0.3272496800569577,6,5.076,VWF(1.00);STAT3(0.99);PTPRC(0.84);VIM(0.81);SMAD3(0.73);SYK(0.71),False
EIF4A3,0.0001419244052944,False,False,,,206,0.3264674693825784,4,3.371,POLDIP3(0.98);EIF4B(0.88);EIF4G2(0.78);PNPT1(0.73),False
H2AC20,0.000141550146319,False,False,,,207,0.3240335861580852,4,3.259,HDAC2(0.91);HDAC3(0.83);KDM1A(0.82);BRD8(0.71),False
H2AC18,0.0001360509775227,False,False,,,199,0.3239654080851069,4,3.228,HDAC2(0.87);HDAC3(0.83);KDM1A(0.82);BRD8(0.71),False
H2BC21,0.0001427245364382,False,False,,,233,0.2902637289126442,4,3.3369999999999997,HDAC2(0.92);HDAC3(0.82);KDM1A(0.82);CREBBP(0.78),False
PRMT5,5.3695887827310246e-05,False,False,,,89,0.2858913865825756,4,2.953,HDAC3(0.76);HDAC2(0.76);KDM1A(0.73);STAT3(0.71),False
H3-2,0.0001433136768866,False,False,,,244,0.2783222087275658,5,4.508,SGF29(0.97);CREBBP(0.96);KDM1A(0.92);HDAC2(0.88);HDAC3(0.79),False
H3-5,0.0001436498754526,False,False,,,253,0.2690511066481549,5,4.509,SGF29(0.97);CREBBP(0.96);KDM1A(0.92);HDAC2(0.88);HDAC3(0.79),False
H3C14,0.0001344651596021,False,False,,,244,0.2611379529879952,5,4.141,SGF29(0.92);CREBBP(0.91);MED24(0.80);MED19(0.80);KDM1A(0.71),False
H3C15,0.0001268445167157,False,False,,,241,0.2494047414561963,4,3.4320000000000004,SGF29(0.92);CREBBP(0.91);MED24(0.80);MED19(0.80),False
